"post_id","post_keywords","post_text","post_url"
1,"js books","java script –¥–ª—è —Ä–∞–∑—Ä–∞–±–æ—Ç—á–∏–∫–æ–≤ pdf —Ñ–∞–π–ª","https://t.me/infSecIT/29/77"
2,"js books","java script –ø–æ—Å–æ–±–∏–µ","https://t.me/infSecIT/29/78"
3,"js books","java script –¥–ª—è –Ω–∞—á–∏–Ω–∞—é—â–∏—Ö","https://t.me/infSecIT/29/79"
4,"python books","–ü—Ä–æ–≥—Ä–∞–º–º–∏—Ä–æ–≤–∞–Ω–∏–µ –¥–ª—è ¬´–Ω–æ—Ä–º–∞–ª—å–Ω—ã—Ö¬ª —Å –Ω—É–ª—è –Ω–∞ —è–∑—ã–∫–µ Python. –ß–∞—Å—Ç—å 1 –∏ 2

–ê–≤—Ç–æ—Ä: –ú.–í. –°—ã—Å–æ–µ–≤–∞, –ò.–í. –°—ã—Å–æ–µ–≤, 2023

–û–ø–∏—Å–∞–Ω–∏–µ: –ö–Ω–∏–≥–∞ ‚Äì —É—á–µ–±–Ω–∏–∫, –∑–∞–¥–∞—á–Ω–∏–∫ –∏ —Å–∞–º–æ—É—á–∏—Ç–µ–ª—å –ø–æ –∞–ª–≥–æ—Ä–∏—Ç–º–∏–∑–∞—Ü–∏–∏ –∏ –ø—Ä–æ–≥—Ä–∞–º–º–∏—Ä–æ–≤–∞–Ω–∏—é –Ω–∞
—è–∑—ã–∫–µ Python. –û–Ω–∞ –Ω–µ —Ç—Ä–µ–±—É–µ—Ç –ø—Ä–µ–¥–≤–∞—Ä–∏—Ç–µ–ª—å–Ω—ã—Ö –∑–Ω–∞–Ω–∏–π –≤ –æ–±–ª–∞—Å—Ç–∏ –ø—Ä–æ–≥—Ä–∞–º–º–∏—Ä–æ–≤–∞–Ω–∏—è –∏
–º–æ–∂–µ—Ç –∏—Å–ø–æ–ª—å–∑–æ–≤–∞—Ç—å—Å—è –¥–ª—è –æ–±—É—á–µ–Ω–∏—è ¬´—Å –Ω—É–ª—è¬ª.
–ò–∑–¥–∞–Ω–∏–µ –∞–¥—Ä–µ—Å–æ–≤–∞–Ω–æ —Å—Ç—É–¥–µ–Ω—Ç–∞–º, –∞—Å–ø–∏—Ä–∞–Ω—Ç–∞–º –∏ –ø—Ä–µ–ø–æ–¥–∞–≤–∞—Ç–µ–ª—è–º –∏–Ω–∂–µ–Ω–µ—Ä–Ω—ã—Ö –∏ –µ—Å—Ç–µ—Å—Ç–≤–µ–Ω–Ω–æ-–Ω–∞—É—á–Ω—ã—Ö —Å–ø–µ—Ü–∏–∞–ª—å–Ω–æ—Å—Ç–µ–π –≤—É–∑–æ–≤, —à–∫–æ–ª—å–Ω–∏–∫–∞–º —Å—Ç–∞—Ä—à–∏—Ö –∫–ª–∞—Å—Å–æ–≤ –∏ —É—á–∏—Ç–µ–ª—è–º –∏–Ω—Ñ–æ—Ä–º–∞—Ç–∏–∫–∏. –û–±—É—á–µ–Ω–∏–µ —è–∑—ã–∫—É –≤ –∑–Ω–∞—á–∏—Ç–µ–ª—å–Ω–æ–π —Å—Ç–µ–ø–µ–Ω–∏ —Å—Ç—Ä–æ–∏—Ç—Å—è –Ω–∞ –ø—Ä–∏–º–µ—Ä–∞—Ö —Ä–µ—à–µ–Ω–∏—è –∑–∞–¥–∞—á –æ–±—Ä–∞–±–æ—Ç–∫–∏ —Ä–µ–∑—É–ª—å—Ç–∞—Ç–æ–≤ —Ä–∞–¥–∏–æ—Ñ–∏–∑–∏—á–µ—Å–∫–æ–≥–æ –∏ –±–∏–æ–ª–æ–≥–∏—á–µ—Å–∫–æ–≥–æ —ç–∫—Å–ø–µ—Ä–∏–º–µ–Ω—Ç–æ–≤.

","https://t.me/infSecIT/29/80"
5,"c books","–ü—Ä–∞–∫—Ç–∏—á–µ—Å–∫–æ–µ
–≤–≤–µ–¥–µ–Ω–∏–µ –≤ —è–∑—ã–∫
–ø—Ä–æ–≥—Ä–∞–º–º–∏—Ä–æ–≤–∞–Ω–∏—è –°–ò. 2021
–°–æ–ª–¥–∞—Ç–µ–Ω–∫–æ –ò. –°.","https://t.me/infSecIT/29/83"
6,"js books","javascript –¥–ª—è —Ö–∞–∫–µ—Ä–æ–≤","https://t.me/infSecIT/29/84"
7,"python books","–ö–Ω–∏–≥–∞: Black Hat Python: –ø—Ä–æ–≥—Ä–∞–º–º–∏—Ä–æ–≤–∞–Ω–∏–µ –¥–ª—è —Ö–∞–∫–µ—Ä–æ–≤ –∏ –ø–µ–Ω—Ç–µ—Å—Ç–µ—Ä–æ–≤, 2-–µ –∏–∑–¥

–í–æ –≤—Ç–æ—Ä–æ–º –∏–∑–¥–∞–Ω–∏–∏ –±–µ—Å—Ç—Å–µ–ª–ª–µ—Ä–∞ Black Hat Python –≤—ã –∏—Å—Å–ª–µ–¥—É–µ—Ç–µ —Ç–µ–º–Ω—É—é —Å—Ç–æ—Ä–æ–Ω—É –≤–æ–∑–º–æ–∂–Ω–æ—Å—Ç–µ–π Python ‚Äî –≤—Å–µ –æ—Ç –Ω–∞–ø–∏—Å–∞–Ω–∏—è —Å–µ—Ç–µ–≤—ã—Ö —Å–Ω–∏—Ñ—Ñ–µ—Ä–æ–≤, –ø–æ—Ö–∏—â–µ–Ω–∏—è —É—á–µ—Ç–Ω—ã—Ö –¥–∞–Ω–Ω—ã—Ö —ç–ª–µ–∫—Ç—Ä–æ–Ω–Ω–æ–π –ø–æ—á—Ç—ã –¥–æ —Ä–∞–∑—Ä–∞–±–æ—Ç–∫–∏ –∞–Ω–∞–ª–∏–∑–∞ –≤–∏—Ä—Ç—É–∞–ª—å–Ω—ã—Ö –º–∞—à–∏–Ω –∏ —Å–æ–∑–¥–∞–Ω–∏—è —Å–∫—Ä—ã—Ç—ã—Ö —Ç—Ä–æ—è–Ω–æ–≤.","https://t.me/infSecIT/29/85"
8,"html css books js","HTML, CSS, & JavaScript All-in-One For Dummies (2023)
–ê–≤—Ç–æ—Ä: Paul McFedries
–ö–æ–ª–∏—á–µ—Å—Ç–≤–æ —Å—Ç—Ä–∞–Ω–∏—Ü: 848

–í—ã –Ω–∞—É—á–∏—Ç–µ—Å—å —Å–æ–∑–¥–∞–≤–∞—Ç—å –ø—Ä–∏–≤–ª–µ–∫–∞—Ç–µ–ª—å–Ω—ã–µ, –ø–æ–ª–µ–∑–Ω—ã–µ –∏ —É–¥–æ–±–Ω—ã–µ –≤ –Ω–∞–≤–∏–≥–∞—Ü–∏–∏ —Å–∞–π—Ç—ã, —Å–æ—á–µ—Ç–∞—è HTML, CSS –∏ JavaScript –≤ —É–≤–ª–µ–∫–∞—Ç–µ–ª—å–Ω—ã—Ö –∏ –ø—Ä–∞–∫—Ç–∏—á–Ω—ã—Ö –ø—Ä–æ–µ–∫—Ç–∞—Ö. –ò—Å–ø–æ–ª—å–∑—É—è 6 –∫–Ω–∏–≥, —Å–æ–±—Ä–∞–Ω–Ω—ã—Ö –≤ —ç—Ç–æ–º –ø–æ–ª–Ω–æ–º —Å–±–æ—Ä–Ω–∏–∫–µ, –≤—ã —É–∑–Ω–∞–µ—Ç–µ, –∫–∞–∫ —Å–æ–∑–¥–∞–≤–∞—Ç—å —Å—Ç–∞—Ç–∏—á–µ—Å–∫–∏–µ –∏ –¥–∏–Ω–∞–º–∏—á–µ—Å–∫–∏–µ –≤–µ–±-—Å–∞–π—Ç—ã —Å –∏–Ω—Ç—É–∏—Ç–∏–≤–Ω–æ –ø–æ–Ω—è—Ç–Ω—ã–º–∏ –º–∞–∫–µ—Ç–∞–º–∏ –∏ –∫–ª–∞—Å—Å–Ω–æ–π –∞–Ω–∏–º–∞—Ü–∏–µ–π.","https://t.me/infSecIT/29/86"
9,"assembler books","–ö–Ω–∏–≥–∞ ""–ü—Ä–æ–≥—Ä–∞–º–º–∏—Ä–æ–≤–∞–Ω–∏–µ –Ω–∞ —è–∑—ã–∫–µ –∞—Å—Å–µ–º–±–ª–µ—Ä–∞ IBM PC""","https://t.me/infSecIT/29/255"
10,"php mysql html css js books","–ö–Ω–∏–≥–∞: ""–°–æ–∑–¥–∞–µ–º –¥–∏–Ω–∞–º–∏—á–µ—Å–∫–∏–µ –≤–µ–±-—Å–∞–π—Ç—ã —Å –ø–æ–º–æ—â—å—é PHP, MySQL, JavaScript, CSS –∏ HTML5. 6-–µ –∏–∑–¥.""

–ê–≤—Ç–æ—Ä: –ù–∏–∫—Å–æ–Ω –†–æ–±–∏–Ω
–ì–æ–¥ –≤—ã—Ö–æ–¥–∞: 2023

–û–ø–∏—Å–∞–Ω–∏–µ: –ù–æ–≤–æ–µ –∏–∑–¥–∞–Ω–∏–µ –±–µ—Å—Ç—Å–µ–ª–ª–µ—Ä–∞ –æ–ø–∏—Å—ã–≤–∞–µ—Ç –∫–∞–∫ –∫–ª–∏–µ–Ω—Ç—Å–∫–∏–µ, —Ç–∞–∫ –∏ —Å–µ—Ä–≤–µ—Ä–Ω—ã–µ –∞—Å–ø–µ–∫—Ç—ã –≤–µ–±-—Ä–∞–∑—Ä–∞–±–æ—Ç–∫–∏. –ö–Ω–∏–≥–∞, –Ω–∞–ø–æ–ª–Ω–µ–Ω–Ω–∞—è —Ü–µ–Ω–Ω—ã–º–∏ –ø—Ä–∞–∫—Ç–∏—á–µ—Å–∫–∏–º–∏ —Å–æ–≤–µ—Ç–∞–º–∏ –∏ –ø–æ–¥—Ä–æ–±–Ω—ã–º —Ç–µ–æ—Ä–µ—Ç–∏—á–µ—Å–∫–∏–º –º–∞—Ç–µ—Ä–∏–∞–ª–æ–º, –ø–æ–º–æ–∂–µ—Ç –≤–∞–º –æ—Å–≤–æ–∏—Ç—å –¥–∏–Ω–∞–º–∏—á–µ—Å–∫–æ–µ –≤–µ–±-–ø—Ä–æ–≥—Ä–∞–º–º–∏—Ä–æ–≤–∞–Ω–∏–µ —Å –ø—Ä–∏–º–µ–Ω–µ–Ω–∏–µ–º —Å–∞–º—ã—Ö —Å–æ–≤—Ä–µ–º–µ–Ω–Ω—ã—Ö —Ç–µ—Ö–Ω–æ–ª–æ–≥–∏–π. –î–ª—è –∑–∞–∫—Ä–µ–ø–ª–µ–Ω–∏—è —É—Å–≤–æ–µ–Ω–Ω—ã—Ö –∑–Ω–∞–Ω–∏–π –∞–≤—Ç–æ—Ä —Ä–∞—Å—Å–∫–∞–∂–µ—Ç, –∫–∞–∫ —Å–æ–∑–¥–∞—Ç—å –ø–æ–ª–Ω–æ—Ñ—É–Ω–∫—Ü–∏–æ–Ω–∞–ª—å–Ω—ã–π —Å–∞–π—Ç, —Ä–∞–±–æ—Ç–∞—é—â–∏–π –ø–æ –ø—Ä–∏–Ω—Ü–∏–ø—É —Å–æ—Ü–∏–∞–ª—å–Ω–æ–π —Å–µ—Ç–∏.","https://t.me/infSecIT/29/258"
11,"python cheatsheets","–ò–Ω—Ñ–æ–≥—Ä–∞—Ñ–∏–∫–∞ –ø–æ–ª–µ–∑–Ω—ã—Ö Python –±–∏–±–ª–∏–æ—Ç–µ–∫","https://t.me/infSecIT/29/260"
12,"api source","Laravel ‚Äî —Å–æ–∑–¥–∞–Ω–∏–µ –∫—Ä—É—Ç–æ–≥–æ API

–û–ø–∏—Å–∞–Ω–∏–µ:
–í —ç—Ç–æ–º –∫—É—Ä—Å–µ –º—ã –ø–æ–ª–Ω–æ—Å—Ç—å—é —Ä–∞–∑–±–µ—Ä–µ–º—Å—è —Å –ø–æ–Ω—è—Ç–∏–µ–º REST API –∏ –Ω–∞—É—á–∏–º—Å—è –ø–∏—Å–∞—Ç—å —Å–≤–æ–∏ —Å–æ–±—Å—Ç–≤–µ–Ω–Ω—ã–π –∑–∞–ø—Ä–æ—Å—ã –∏—Å–ø–æ–ª—å–∑—É—è –ª—É—á—à–∏–µ –ø—Ä–∞–∫—Ç–∏–∫–∏ –Ω–∞ Laravel.

‚è±Ô∏è –ü—Ä–æ–¥–æ–ª–∂–∏—Ç–µ–ª—å–Ω–æ—Å—Ç—å: 11 —á–∞—Å–æ–≤ 14 –º–∏–Ω—É—Ç","https://t.me/infSecIT/29/261"
13,"wordpress #ooks","wordpress","https://t.me/infSecIT/29/272"
14,"books cpplus","Programming: Principles and Practice Using C++ (2023)
‚úçÔ∏è–ê–≤—Ç–æ—Ä: Bjarne Stroustrup
üìÉ–°—Ç—Ä–∞–Ω–∏—Ü: 656

–≠—Ç–∞ –∫–Ω–∏–≥–∞:

- –§–æ–∫—É—Å–∏—Ä—É–µ—Ç—Å—è –Ω–∞ —Ñ—É–Ω–¥–∞–º–µ–Ω—Ç–∞–ª—å–Ω—ã—Ö –∫–æ–Ω—Ü–µ–ø—Ü–∏—è—Ö –∏ –º–µ—Ç–æ–¥–∞—Ö, –∞ –Ω–µ –Ω–∞ –Ω–µ–ø–æ–Ω—è—Ç–Ω—ã—Ö —Ç–µ—Ö–Ω–∏—á–µ—Å–∫–∏—Ö –¥–µ—Ç–∞–ª—è—Ö —è–∑—ã–∫–∞
- –Ø–≤–ª—è–µ—Ç—Å—è –≤–≤–µ–¥–µ–Ω–∏–µ–º –≤ –ø—Ä–æ–≥—Ä–∞–º–º–∏—Ä–æ–≤–∞–Ω–∏–µ –≤ —Ü–µ–ª–æ–º, –≤–∫–ª—é—á–∞—è –ø—Ä–æ—Ü–µ–¥—É—Ä–Ω–æ–µ, –æ–±—ä–µ–∫—Ç–Ω–æ-–æ—Ä–∏–µ–Ω—Ç–∏—Ä–æ–≤–∞–Ω–Ω–æ–µ –∏ –æ–±—â–µ–µ –ø—Ä–æ–≥—Ä–∞–º–º–∏—Ä–æ–≤–∞–Ω–∏–µ, –∞ –Ω–µ –ø—Ä–æ—Å—Ç–æ –≤–≤–µ–¥–µ–Ω–∏–µ–º –≤ —è–∑—ã–∫ –ø—Ä–æ–≥—Ä–∞–º–º–∏—Ä–æ–≤–∞–Ω–∏—è
- –û—Ö–≤–∞—Ç—ã–≤–∞–µ—Ç –∫–∞–∫ —Å–æ–≤—Ä–µ–º–µ–Ω–Ω—ã–µ –º–µ—Ç–æ–¥—ã –≤—ã—Å–æ–∫–æ–≥–æ —É—Ä–æ–≤–Ω—è, —Ç–∞–∫ –∏ –º–µ—Ç–æ–¥—ã –Ω–∏–∂–Ω–µ–≥–æ —É—Ä–æ–≤–Ω—è, –Ω–µ–æ–±—Ö–æ–¥–∏–º—ã–µ –¥–ª—è —ç—Ñ—Ñ–µ–∫—Ç–∏–≤–Ω–æ–≥–æ –∏—Å–ø–æ–ª—å–∑–æ–≤–∞–Ω–∏—è –∞–ø–ø–∞—Ä–∞—Ç–Ω—ã—Ö —Å—Ä–µ–¥—Å—Ç–≤
- –î–∞—Å—Ç –≤–∞–º –ø—Ä–æ—á–Ω—ã–π —Ñ—É–Ω–¥–∞–º–µ–Ω—Ç –¥–ª—è –Ω–∞–ø–∏—Å–∞–Ω–∏—è –ø–æ–ª–µ–∑–Ω–æ–≥–æ, –∫–æ—Ä—Ä–µ–∫—Ç–Ω–æ–≥–æ, –±–µ–∑–æ–ø–∞—Å–Ω–æ–≥–æ —Å —Ç–æ—á–∫–∏ –∑—Ä–µ–Ω–∏—è —Ç–∏–ø–æ–≤, —Å–æ–ø—Ä–æ–≤–æ–∂–¥–∞–µ–º–æ–≥–æ –∏ —ç—Ñ—Ñ–µ–∫—Ç–∏–≤–Ω–æ–≥–æ –∫–æ–¥–∞
- –ò—Å–ø–æ–ª—å–∑—É–µ—Ç—Å—è —Å–æ–≤—Ä–µ–º–µ–Ω–Ω—ã–π —è–∑—ã–∫ C++ (C++20 –∏ C++23)","https://t.me/infSecIT/29/339"
15,"c source","–°–ø–µ—Ü–∏–∞–ª–∏—Å—Ç, –ö–æ—Ä–∞–±–ª–∏–Ω –ê–ª–µ–∫—Å–∞–Ω–¥—Ä | –ü—Ä–æ–≥—Ä–∞–º–º–∏—Ä–æ–≤–∞–Ω–∏–µ –Ω–∞ —è–∑—ã–∫–µ C (2020) 

–û–ø–∏—Å–∞–Ω–∏–µ:

–í –∫—É—Ä—Å–µ –æ–±—Ä–∞—â–∞–µ—Ç—Å—è –æ—Å–æ–±–æ–µ –≤–Ω–∏–º–∞–Ω–∏–µ –Ω–∞ –ø–æ–ª—É—á–µ–Ω–∏–µ —Ç–µ–æ—Ä–µ—Ç–∏—á–µ—Å–∫–∏—Ö –∑–Ω–∞–Ω–∏–π, –∫–∞–∫ –ø–æ —Å–∞–º–æ–º—É —è–∑—ã–∫—É –°–∏, —Ç–∞–∫ –∏ –ø–æ –º–µ—Ç–æ–¥–∞–º —Ä–∞–∑—Ä–∞–±–æ—Ç–∫–∏ –∞–ª–≥–æ—Ä–∏—Ç–º–æ–≤, –≤—ã–±–æ—Ä–∞ –∏ –ø—Ä–æ–µ–∫—Ç–∏—Ä–æ–≤–∞–Ω–∏—è —Å—Ç—Ä—É–∫—Ç—É—Ä –¥–∞–Ω–Ω—ã—Ö, —Å–æ–∑–¥–∞–Ω–∏—è –∏ —Ç–µ—Å—Ç–∏—Ä–æ–≤–∞–Ω–∏—è –ø—Ä–æ–≥—Ä–∞–º–º–Ω–æ–≥–æ –æ–±–µ—Å–ø–µ—á–µ–Ω–∏—è.

–í —Å–≤–æ–µ –≤—Ä–µ–º—è —è–∑—ã–∫ –° (–°–∏) —Å—Ç–∞–ª –ø–µ—Ä–≤—ã–º —è–∑—ã–∫–æ–º, –∫–æ—Ç–æ—Ä—ã–π –ø—Ä–∏–º–µ–Ω—è–µ—Ç—Å—è –≤ —Ä–∞–∑—Ä–∞–±–æ—Ç–∫–µ —Å–∏—Å—Ç–µ–º–Ω–æ–≥–æ –ø—Ä–æ–≥—Ä–∞–º–º–Ω–æ–≥–æ –æ–±–µ—Å–ø–µ—á–µ–Ω–∏—è. –í –Ω–∞—à–µ –≤—Ä–µ–º—è –æ–Ω –æ—Å—Ç–∞—ë—Ç—Å—è —è–∑—ã–∫–æ–º, —Ä–µ–∞–ª–∏–∑–æ–≤–∞–Ω–Ω—ã–º –Ω–∞ –º–∞–∫—Å–∏–º–∞–ª—å–Ω–æ–º –∫–æ–ª–∏—á–µ—Å—Ç–≤–µ –∞–ø–ø–∞—Ä–∞—Ç–Ω—ã—Ö –ø–ª–∞—Ç—Ñ–æ—Ä–º, –∏ –æ–¥–Ω–∏–º –∏–∑ —Å–∞–º—ã—Ö –ø–æ–ø—É–ª—è—Ä–Ω—ã—Ö —è–∑—ã–∫–æ–≤ –ø—Ä–æ–≥—Ä–∞–º–º–∏—Ä–æ–≤–∞–Ω–∏—è, –æ—Å–æ–±–µ–Ω–Ω–æ –≤ –º–∏—Ä–µ —Å–≤–æ–±–æ–¥–Ω–æ–≥–æ –ø—Ä–æ–≥—Ä–∞–º–º–Ω–æ–≥–æ –æ–±–µ—Å–ø–µ—á–µ–Ω–∏—è. –ö—Ä–æ–º–µ —ç—Ç–æ–≥–æ, —è–∑—ã–∫ –° (–°–∏) —è–≤–ª—è–µ—Ç—Å—è –æ—Å–Ω–æ–≤–æ–π –¥–ª—è —Ç–∞–∫–∏—Ö —è–∑—ã–∫–æ–≤ –ø—Ä–æ–≥—Ä–∞–º–º–∏—Ä–æ–≤–∞–Ω–∏—è, –∫–∞–∫ C++, C#, Java –∏ Objective-C. –ö—É—Ä—Å –æ—Ö–≤–∞—Ç—ã–≤–∞–µ—Ç –¥–≤–∞ —Å—Ç–∞–Ω–¥–∞—Ä—Ç–∞ —è–∑—ã–∫–∞ –°, –∞ –∏–º–µ–Ω–Ω–æ –°89 –∏ –°11 –ø–æ—è–≤–∏–≤—à–∏–π—Å—è –≤ 2011 –≥–æ–¥—É.","https://t.me/infSecIT/29/341"
